id,event_id,action_type,event_timestamp,response_timestamp,response_time_seconds
1,,log,2026-08-11 04:44:50.953964+00,2026-08-11 04:44:50.953964+00,0.000000
2,,log,2026-08-11 04:46:09.020323+00,2026-08-11 04:46:09.020323+00,0.000000
3,26,log,2026-08-11 04:52:28.271921+00,2026-08-11 04:52:28.271921+00,0.000000
4,,bloqueo,2026-08-21 01:10:09.460954+00,2026-08-21 01:10:09.460954+00,0.000000
5,,bloqueo,2026-08-21 01:13:40.124648+00,2026-08-21 01:13:40.124648+00,0.000000
6,,alerta,2026-08-21 01:16:16.87398+00,2026-08-21 01:16:16.87398+00,0.000000
7,62,log,2026-08-21 01:18:05.071117+00,2026-08-21 01:18:05.071117+00,0.000000
8,,bloqueo,2026-08-23 05:21:45.658984+00,2026-08-23 05:21:45.658984+00,0.000000
9,,alerta,2026-08-23 05:21:46.098351+00,2026-08-23 05:21:46.098351+00,0.000000
10,66,log,2026-08-23 05:24:13.57243+00,2026-08-23 05:24:13.57243+00,0.000000
11,,bloqueo,2026-08-23 05:41:31.524867+00,2026-08-23 05:41:31.524867+00,0.000000
12,,alerta,2026-08-23 05:52:43.897979+00,2026-08-23 05:52:43.897979+00,0.000000
13,,log,2026-08-23 06:18:43.434497+00,2026-08-23 06:18:43.434497+00,0.000000
14,,log,2026-08-23 06:18:44.959983+00,2026-08-23 06:18:44.959983+00,0.000000
15,,bloqueo,2026-08-24 15:23:44.51952+00,2026-08-24 15:23:44.51952+00,0.000000
16,,log,2026-08-24 15:39:07.820512+00,2026-08-24 15:39:07.820512+00,0.000000
17,73,block,2026-08-24 15:53:51.958271+00,2026-08-24 15:53:51.958271+00,0.000000
18,74,log,2026-08-24 15:54:26.994475+00,2026-08-24 15:54:26.994475+00,0.000000
19,77,log,2026-08-24 16:17:01.951607+00,2026-08-24 16:17:01.951607+00,0.000000
20,78,block,2026-08-24 16:17:03.972663+00,2026-08-24 16:17:03.972663+00,0.000000
21,79,log,2026-08-24 16:17:04.996784+00,2026-08-24 16:17:04.996784+00,0.000000
22,80,block,2026-08-24 18:03:14.780636+00,2026-08-24 18:03:14.780636+00,0.000000
23,82,block,2026-08-24 23:12:49.545883+00,2026-08-24 23:12:49.545883+00,0.000000
24,83,block,2026-08-24 23:39:11.471024+00,2026-08-24 23:39:11.471024+00,0.000000
25,84,block,2026-08-24 23:45:34.255205+00,2026-08-24 23:45:34.255205+00,0.000000
26,85,log,2026-08-25 00:03:50.361064+00,2026-08-25 00:03:50.361064+00,0.000000
27,86,block,2026-08-25 00:08:14.176114+00,2026-08-25 00:08:14.176114+00,0.000000
28,87,block,2026-08-25 00:22:53.457064+00,2026-08-25 00:22:53.457064+00,0.000000
29,88,block,2026-08-25 00:24:40.421129+00,2026-08-25 00:24:40.421129+00,0.000000
30,89,block,2026-08-25 00:29:07.796009+00,2026-08-25 00:29:07.796009+00,0.000000
31,90,block,2026-08-25 00:31:03.906244+00,2026-08-25 00:31:03.906244+00,0.000000
32,91,log,2026-08-25 00:32:06.290065+00,2026-08-25 00:32:06.290065+00,0.000000
33,92,block,2026-08-25 00:35:26.661278+00,2026-08-25 00:35:26.661278+00,0.000000
34,93,block,2026-08-25 00:41:59.060858+00,2026-08-25 00:41:59.060858+00,0.000000
35,94,block,2026-08-25 01:02:16.518349+00,2026-08-25 01:02:16.518349+00,0.000000
36,95,block,2026-08-25 01:08:01.606834+00,2026-08-25 01:08:01.606834+00,0.000000
37,96,block,2026-08-25 01:13:30.766804+00,2026-08-25 01:13:30.766804+00,0.000000
38,97,block,2026-08-25 01:18:58.291178+00,2026-08-25 01:18:58.291178+00,0.000000
39,98,block,2026-08-25 01:20:13.184272+00,2026-08-25 01:20:13.184272+00,0.000000
40,99,log,2026-08-25 02:25:02.044286+00,2026-08-25 02:25:02.044286+00,0.000000
41,100,block,2026-08-25 02:25:08.229129+00,2026-08-25 02:25:08.229129+00,0.000000
42,102,log,2026-08-25 18:20:29.593727+00,2026-08-25 18:20:29.593727+00,0.000000
43,103,block,2026-08-25 18:36:44.119545+00,2026-08-25 18:36:44.119545+00,0.000000
44,104,block,2026-08-25 18:39:10.34694+00,2026-08-25 18:39:10.34694+00,0.000000
45,105,log,2026-08-25 18:41:08.515449+00,2026-08-25 18:41:08.515449+00,0.000000
46,106,block,2026-08-25 18:42:51.80631+00,2026-08-25 18:42:51.80631+00,0.000000
47,107,block,2026-08-25 18:44:50.500402+00,2026-08-25 18:44:50.500402+00,0.000000
48,108,block,2026-08-25 18:48:17.086258+00,2026-08-25 18:48:17.086258+00,0.000000
49,109,log,2026-08-25 18:48:20.546474+00,2026-08-25 18:48:20.546474+00,0.000000
50,110,block,2026-08-25 18:48:21.403017+00,2026-08-25 18:48:21.403017+00,0.000000
51,111,block,2026-08-25 18:48:25.968018+00,2026-08-25 18:48:25.968018+00,0.000000
52,112,log,2026-08-25 18:48:26.435509+00,2026-08-25 18:48:26.435509+00,0.000000
53,115,log,2026-08-25 18:48:29.089526+00,2026-08-25 18:48:29.089526+00,0.000000
54,116,block,2026-08-25 18:48:31.397688+00,2026-08-25 18:48:31.397688+00,0.000000
55,117,block,2026-08-25 18:48:32.866338+00,2026-08-25 18:48:32.866338+00,0.000000
56,114,block,2026-08-25 18:48:34.104768+00,2026-08-25 18:48:34.104768+00,0.000000
57,113,block,2026-08-25 18:48:37.623499+00,2026-08-25 18:48:37.623499+00,0.000000
58,119,log,2026-08-25 18:48:37.986331+00,2026-08-25 18:48:37.986331+00,0.000000
59,118,block,2026-08-25 18:48:38.331324+00,2026-08-25 18:48:38.331324+00,0.000000
60,120,block,2026-08-25 18:48:38.985138+00,2026-08-25 18:48:38.985138+00,0.000000
61,121,block,2026-08-25 18:48:45.269555+00,2026-08-25 18:48:45.269555+00,0.000000
62,122,log,2026-08-25 18:48:46.839481+00,2026-08-25 18:48:46.839481+00,0.000000
63,123,block,2026-08-25 18:48:50.982554+00,2026-08-25 18:48:50.982554+00,0.000000
64,124,block,2026-08-25 18:48:54.860178+00,2026-08-25 18:48:54.860178+00,0.000000
65,125,log,2026-08-25 18:48:55.414759+00,2026-08-25 18:48:55.414759+00,0.000000
66,126,block,2026-08-25 18:49:00.469449+00,2026-08-25 18:49:00.469449+00,0.000000
67,127,block,2026-08-25 18:49:03.805979+00,2026-08-25 18:49:03.805979+00,0.000000
68,128,block,2026-08-25 18:49:07.97681+00,2026-08-25 18:49:07.97681+00,0.000000
69,129,log,2026-08-25 18:49:09.470457+00,2026-08-25 18:49:09.470457+00,0.000000
70,130,block,2026-08-25 18:49:09.982834+00,2026-08-25 18:49:09.982834+00,0.000000
71,131,block,2026-08-25 18:49:17.306153+00,2026-08-25 18:49:17.306153+00,0.000000
72,132,log,2026-08-25 18:49:19.115904+00,2026-08-25 18:49:19.115904+00,0.000000
73,135,log,2026-08-25 18:49:25.733821+00,2026-08-25 18:49:25.733821+00,0.000000
74,136,block,2026-08-25 18:49:29.052353+00,2026-08-25 18:49:29.052353+00,0.000000
75,137,block,2026-08-25 18:49:30.674841+00,2026-08-25 18:49:30.674841+00,0.000000
76,134,block,2026-08-25 18:49:32.969429+00,2026-08-25 18:49:32.969429+00,0.000000
77,133,block,2026-08-25 18:49:36.773774+00,2026-08-25 18:49:36.773774+00,0.000000
78,138,log,2026-08-25 18:50:27.975526+00,2026-08-25 18:50:27.975526+00,0.000000
79,139,log,2026-08-25 18:50:29.752955+00,2026-08-25 18:50:29.752955+00,0.000000
80,140,log,2026-08-25 18:50:31.162901+00,2026-08-25 18:50:31.162901+00,0.000000
81,141,block,2026-08-25 18:50:32.728912+00,2026-08-25 18:50:32.728912+00,0.000000
82,142,log,2026-08-25 18:50:34.588432+00,2026-08-25 18:50:34.588432+00,0.000000
83,143,log,2026-08-25 18:50:36.501523+00,2026-08-25 18:50:36.501523+00,0.000000
84,144,log,2026-08-25 18:50:39.334089+00,2026-08-25 18:50:39.334089+00,0.000000
85,145,log,2026-08-25 18:50:40.789139+00,2026-08-25 18:50:40.789139+00,0.000000
86,146,log,2026-08-25 18:50:42.718425+00,2026-08-25 18:50:42.718425+00,0.000000
87,147,log,2026-08-25 18:50:44.407461+00,2026-08-25 18:50:44.407461+00,0.000000
88,148,log,2026-08-25 18:50:46.001935+00,2026-08-25 18:50:46.001935+00,0.000000
89,149,log,2026-08-25 18:50:47.463733+00,2026-08-25 18:50:47.463733+00,0.000000
90,150,log,2026-08-25 18:50:49.231685+00,2026-08-25 18:50:49.231685+00,0.000000
91,151,block,2026-08-25 18:50:51.232423+00,2026-08-25 18:50:51.232423+00,0.000000
92,152,log,2026-08-25 18:50:53.012937+00,2026-08-25 18:50:53.012937+00,0.000000
93,153,log,2026-08-25 18:50:54.819171+00,2026-08-25 18:50:54.819171+00,0.000000
94,154,log,2026-08-25 18:50:57.966676+00,2026-08-25 18:50:57.966676+00,0.000000
95,155,log,2026-08-25 18:50:59.976393+00,2026-08-25 18:50:59.976393+00,0.000000
96,156,log,2026-08-25 18:51:02.617095+00,2026-08-25 18:51:02.617095+00,0.000000
97,157,log,2026-08-25 18:51:06.911125+00,2026-08-25 18:51:06.911125+00,0.000000
98,158,log,2026-08-25 18:51:12.73869+00,2026-08-25 18:51:12.73869+00,0.000000
99,159,log,2026-08-25 18:51:15.582103+00,2026-08-25 18:51:15.582103+00,0.000000
100,160,log,2026-08-25 18:51:18.514351+00,2026-08-25 18:51:18.514351+00,0.000000
101,161,block,2026-08-25 18:51:20.926282+00,2026-08-25 18:51:20.926282+00,0.000000
102,162,log,2026-08-25 18:51:23.014281+00,2026-08-25 18:51:23.014281+00,0.000000
103,163,log,2026-08-25 18:51:25.48396+00,2026-08-25 18:51:25.48396+00,0.000000
104,164,log,2026-08-25 18:51:27.535744+00,2026-08-25 18:51:27.535744+00,0.000000
105,165,log,2026-08-25 18:51:29.833971+00,2026-08-25 18:51:29.833971+00,0.000000
106,166,log,2026-08-25 18:51:32.752142+00,2026-08-25 18:51:32.752142+00,0.000000
107,167,log,2026-08-25 18:51:35.787454+00,2026-08-25 18:51:35.787454+00,0.000000
108,168,log,2026-08-25 19:45:41.246992+00,2026-08-25 19:45:41.246992+00,0.000000
109,169,log,2026-08-25 19:57:21.39805+00,2026-08-25 19:57:21.39805+00,0.000000
110,170,log,2026-08-25 20:01:49.665971+00,2026-08-25 20:01:49.665971+00,0.000000
111,171,log,2026-08-25 20:03:35.870217+00,2026-08-25 20:03:35.870217+00,0.000000
112,172,log,2026-08-25 22:45:11.750622+00,2026-08-25 22:45:11.750622+00,0.000000
113,176,log,2026-08-25 22:45:12.216416+00,2026-08-25 22:45:12.216416+00,0.000000
114,177,log,2026-08-25 22:45:12.482976+00,2026-08-25 22:45:12.482976+00,0.000000
115,174,log,2026-08-25 22:45:12.660954+00,2026-08-25 22:45:12.660954+00,0.000000
116,173,log,2026-08-25 22:45:12.964089+00,2026-08-25 22:45:12.964089+00,0.000000
